Store,Monthly_Sales,Avg_Temperature,Year_Month
1,1576836.025,41.845,2010-02
1,1467823.495,52.58,2010-03
1,1484560.384,65.34,2010-04
1,1482484.6600000001,76.0525,2010-05
1,1521020.365,82.3925,2010-06
1,1448896.608,81.94800000000001,2010-07
1,1518988.2375,86.5075,2010-08
1,1457448.48,80.7375,2010-09
1,1430128.35,68.5,2010-10
1,1621386.7650000001,58.57,2010-11
1,1775390.636,49.239999999999995,2010-12
1,1370012.7425,42.885,2011-01
1,1599971.8925,49.730000000000004,2011-02
1,1576843.8699999999,61.4675,2011-03
1,1537824.72,68.66,2011-04
1,1532107.95,71.4,2011-05
1,1548742.935,84.03,2011-06
1,1445530.8620000002,86.50399999999999,2011-07
1,1536246.4325,90.0775,2011-08
1,1475908.4679999999,79.852,2011-09
1,1518081.9375,67.8325,2011-10
1,1716243.2075,59.12,2011-11
1,1806518.9420000003,47.396,2011-12
1,1430922.63,51.4775,2012-01
1,1699518.7275,51.785,2012-02
1,1640399.48,63.6,2012-03
1,1627803.705,68.3725,2012-04
1,1611740.615,74.2175,2012-05
1,1604116.568,79.774,2012-06
1,1558486.6675,80.4425,2012-07
1,1579523.918,82.832,2012-08
1,1530595.3800000001,76.22,2012-09
1,1561396.8225,67.1675,2012-10
2,2066086.9425,41.1175,2010-02
2,1919441.4,52.6275,2010-03
2,1904055.2179999999,65.768,2010-04
2,1944346.2650000001,75.1375,2010-05
2,2017410.685,84.32000000000001,2010-06
2,1863337.384,84.35999999999999,2010-07
2,1928921.6875,88.6,2010-08
2,1815549.435,81.19,2010-09
2,1802484.0219999999,66.594,2010-10
2,2117834.6525,57.832499999999996,2010-11
2,2438023.3600000003,47.92999999999999,2010-12
2,1737250.2375,40.485,2011-01
2,2002945.935,47.5175,2011-02
2,1882358.7,60.5525,2011-03
2,1827215.3380000002,66.102,2011-04
2,1790567.7725,69.9125,2011-05
2,1901901.79,84.5425,2011-06
2,1785820.35,88.526,2011-07
2,1838676.755,91.3075,2011-08
2,1713650.818,80.036,2011-09
2,1796353.03,67.9975,2011-10
2,2099349.4625,58.3075,2011-11
2,2355366.832,46.372,2011-12
2,1729230.2175,48.735,2012-01
2,2024278.445,50.16,2012-02
2,1902837.2100000002,62.084,2012-03
2,1919095.6375000002,67.35,2012-04
2,1938802.46,75.015,2012-05
2,1930402.4980000001,80.998,2012-06
2,1862293.2174999998,83.4925,2012-07
2,1912942.412,84.622,2012-08
2,1822367.4825,78.5175,2012-09
2,1895378.7325,67.2775,2012-10
3,427799.5575,48.19,2010-02
3,383670.1475,58.4,2010-03
3,379076.596,67.72999999999999,2010-04
3,369383.55,76.265,2010-05
3,368352.305,81.985,2010-06
3,356782.844,82.726,2010-07
3,364023.86,86.50999999999999,2010-08
3,359356.6125,81.065,2010-09
3,359392.712,70.796,2010-10
3,436980.9375,63.04,2010-11
3,486178.07200000004,53.489999999999995,2010-12
3,368761.345,49.39,2011-01
3,424759.0075,54.625,2011-02
3,403657.7475,67.2025,2011-03
3,376829.504,74.55799999999999,2011-04
3,383327.1325,77.38,2011-05
3,393772.66000000003,85.2575,2011-06
3,368712.39,86.376,2011-07
3,384110.64,88.36,2011-08
3,372538.512,83.44800000000001,2011-09
3,389035.4875,72.34,2011-10
3,455742.9075,63.230000000000004,2011-11
3,482761.36600000004,52.775999999999996,2011-12
3,370238.385,54.635000000000005,2012-01
3,448192.42,55.8725,2012-02
3,429617.3,64.45,2012-03
3,438365.02749999997,72.82,2012-04
3,425928.245,76.41499999999999,2012-05
3,432628.68,83.396,2012-06
3,412493.0875,82.935,2012-07
3,405601.82399999996,85.59,2012-08
3,405006.0,78.3975,2012-09
3,421076.955,72.7875,2012-10
4,2074760.09,37.6025,2010-02
4,1881337.5475,47.055,2010-03
4,1853834.1420000002,53.814,2010-04
4,1909377.43,63.5625,2010-05
4,1887574.5275,77.97749999999999,2010-06
4,1847407.496,78.604,2010-07
4,1940068.585,76.97,2010-08
4,1878080.67,69.0525,2010-09
4,1904520.804,62.965999999999994,2010-10
4,2225047.225,50.095,2010-11
4,2493334.8600000003,43.334,2010-12
4,1857153.38,37.47,2011-01
4,2175380.895,41.2675,2011-02
4,2050978.4649999999,52.1125,2011-03
4,2006911.178,62.992,2011-04
4,2017051.6400000001,69.55,2011-05
4,2072221.0175,80.9175,2011-06
4,2038605.56,83.92,2011-07
4,2121777.1100000003,83.3275,2011-08
4,2041605.9379999998,73.09400000000001,2011-09
4,2150172.0549999997,62.410000000000004,2011-10
4,2433223.7975,48.845,2011-11
4,2628969.302,35.92,2011-12
4,1980815.2375,38.8625,2012-01
4,2300584.2225,37.5775,2012-02
4,2160942.492,59.104,2012-03
4,2195977.5175,70.3625,2012-04
4,2171495.495,73.42,2012-05
4,2196894.324,80.464,2012-06
4,2137232.3075,79.3575,2012-07
4,2171569.0300000003,80.142,2012-08
4,2097504.52,72.75,2012-09
4,2147430.7025,62.07,2012-10
5,300682.0,41.837500000000006,2010-02
5,285284.67,53.83,2010-03
5,310764.55,65.26599999999999,2010-04
5,310456.2425,75.33250000000001,2010-05
5,310880.175,81.9675,2010-06
5,284435.1,82.498,2010-07
5,291311.375,87.0675,2010-08
5,301505.3275,81.1825,2010-09
5,283474.85,69.148,2010-10
5,353221.27,59.980000000000004,2010-11
5,365858.806,51.198,2010-12
5,275346.425,43.9875,2011-01
5,323121.4625,50.525,2011-02
5,307260.4825,62.7775,2011-03
5,313054.15,70.45,2011-04
5,302649.6775,73.78999999999999,2011-05
5,310465.38,84.755,2011-06
5,297765.86799999996,87.49600000000001,2011-07
5,305401.6825,89.94,2011-08
5,299725.164,82.428,2011-09
5,302083.37,70.0425,2011-10
5,370350.8425,60.92,2011-11
5,386275.36,49.126,2011-12
5,296757.8575,52.0875,2012-01
5,337959.0825,52.980000000000004,2012-02
5,339702.61399999994,62.82000000000001,2012-03
5,352430.1325,69.3125,2012-04
5,343246.8375,74.8075,2012-05
5,336731.162,82.006,2012-06
5,321362.6375,82.31,2012-07
5,322088.484,85.018,2012-08
5,316974.505,78.0925,2012-09
5,325325.655,69.57,2012-10
6,1564752.56,42.92,2010-02
6,1581265.6175,54.685,2010-03
6,1599175.6460000002,65.958,2010-04
6,1580097.135,75.58,2010-05
6,1715240.6400000001,82.33500000000001,2010-06
6,1625553.148,82.058,2010-07
6,1542898.2975,86.6275,2010-08
6,1379820.0875,79.8,2010-09
6,1350281.588,69.238,2010-10
6,1696818.115,60.197500000000005,2010-11
6,1958739.7940000002,51.44199999999999,2010-12
6,1301231.0274999999,44.332499999999996,2011-01
6,1499159.3275,50.61,2011-02
6,1530239.165,63.515,2011-03
6,1512255.324,71.056,2011-04
6,1466150.04,73.80250000000001,2011-05
6,1617416.5425,85.27250000000001,2011-06
6,1588244.628,88.514,2011-07
6,1500132.35,90.32,2011-08
6,1392039.516,83.474,2011-09
6,1426406.92,70.845,2011-10
6,1708449.635,61.635,2011-11
6,1973865.116,48.868,2011-12
6,1345362.31,52.1175,2012-01
6,1553678.375,53.557500000000005,2012-02
6,1574355.444,62.525999999999996,2012-03
6,1592204.995,70.7575,2012-04
6,1544491.4625,74.82249999999999,2012-05
6,1657424.818,82.30799999999999,2012-06
6,1638023.1949999998,82.6425,2012-07
6,1567448.0960000001,84.946,2012-08
6,1444494.745,77.8425,2012-09
6,1461471.22,69.5725,2012-10
7,505918.535,22.155,2010-02
7,515263.37,28.869999999999997,2010-03
7,446008.68799999997,39.2,2010-04
7,401514.41000000003,45.58,2010-05
7,510655.7625,57.465,2010-06
7,579995.566,62.44199999999999,2010-07
7,594675.495,59.7475,2010-08
7,511487.9325,48.6125,2010-09
7,466110.61,40.32000000000001,2010-10
7,576453.5875,28.7675,2010-11
7,728725.492,21.332,2010-12
7,560865.1174999999,14.23,2011-01
7,559252.3025,10.735000000000001,2011-02
7,576104.6224999999,23.98,2011-03
7,462873.31799999997,28.377999999999997,2011-04
7,425748.59249999997,34.205,2011-05
7,603607.6599999999,48.6775,2011-06
7,690062.588,56.974000000000004,2011-07
7,660303.495,56.0325,2011-08
7,557899.398,46.738,2011-09
7,528464.125,34.9025,2011-10
7,652363.5075000001,25.017500000000002,2011-11
7,768325.262,14.9,2011-12
7,606508.4875,20.11,2012-01
7,591965.8525,23.1075,2012-02
7,599749.97,33.816,2012-03
7,516003.505,44.1275,2012-04
7,481691.0925,48.4825,2012-05
7,660016.176,61.998000000000005,2012-06
7,718126.1475,64.08749999999999,2012-07
7,638979.608,60.926,2012-08
7,548846.19,53.4775,2012-09
7,505315.65,43.85,2012-10
8,952622.7424999999,36.1225,2010-02
8,838572.5575,47.2925,2010-03
8,868512.97,59.839999999999996,2010-04
8,869133.3925,66.1925,2010-05
8,889475.735,79.6225,2010-06
8,823813.012,75.814,2010-07
8,880203.05,78.69,2010-08
8,835223.6499999999,74.5025,2010-09
8,833635.642,63.004,2010-10
8,996526.63,51.394999999999996,2010-11
8,1105527.138,43.498000000000005,2010-12
8,821909.1950000001,37.1775,2011-01
8,980791.99,38.667500000000004,2011-02
8,890477.805,54.685,2011-03
8,905870.9539999999,61.286,2011-04
8,882802.5125,67.64,2011-05
8,903365.305,83.2325,2011-06
8,846511.6900000001,85.402,2011-07
8,889199.7975,84.7025,2011-08
8,845242.142,72.75800000000001,2011-09
8,893965.4025000001,61.545,2011-10
8,999274.895,50.3925,2011-11
8,1095502.924,37.122,2011-12
8,820477.085,43.065,2012-01
8,993445.385,41.2775,2012-02
8,922743.4800000001,55.352,2012-03
8,927135.6875,65.325,2012-04
8,916610.1074999999,69.7975,2012-05
8,908929.5539999999,78.61,2012-06
8,888438.775,80.33749999999999,2012-07
8,927389.398,79.822,2012-08
8,889562.6525,71.535,2012-09
8,923982.3,61.0425,2012-10
9,521821.05000000005,40.495,2010-02
9,493033.7125,52.285,2010-03
9,508152.388,64.716,2010-04
9,520834.97,71.9325,2010-05
9,532778.5725,82.85249999999999,2010-06
9,483920.77800000005,80.862,2010-07
9,502707.1175,86.0625,2010-08
9,478059.5175,79.6275,2010-09
9,486131.09,67.24199999999999,2010-10
9,581652.62,57.605000000000004,2010-11
9,642929.6479999999,48.508,2010-12
9,466662.91000000003,41.7175,2011-01
9,555996.015,45.865,2011-02
9,518128.5475,62.0075,2011-03
9,538547.33,68.524,2011-04
9,539119.51,72.6925,2011-05
9,558624.42,86.875,2011-06
9,509756.22400000005,89.762,2011-07
9,539661.8575,89.475,2011-08
9,517802.608,79.16,2011-09
9,547238.835,67.3275,2011-10
9,637399.24,56.465,2011-11
9,680822.7,43.928,2011-12
9,489282.88,47.730000000000004,2012-01
9,595561.9625,48.985,2012-02
9,574120.8979999999,59.565999999999995,2012-03
9,587414.9675,69.7825,2012-04
9,574387.8275,74.7825,2012-05
9,567544.786,81.922,2012-06
9,531317.6425,84.08500000000001,2012-07
9,551504.282,84.774,2012-08
9,534839.395,77.05,2012-09
9,564240.2625,66.0575,2012-10
10,2122321.2025,53.822500000000005,2010-02
10,1942210.935,57.44,2010-03
10,1925235.8400000003,66.974,2010-04
10,1870430.08,74.9825,2010-05
10,1841184.135,86.57499999999999,2010-06
10,1821615.954,89.838,2010-07
10,1905747.1925,87.3425,2010-08
10,1714663.5525,84.7775,2010-09
10,1720695.652,75.08200000000001,2010-10
10,2154309.265,61.61,2010-11
10,2586199.906,55.512,2010-12
10,1704609.68,50.7975,2011-01
10,2039596.3699999999,52.9375,2011-02
10,1898001.375,63.4575,2011-03
10,1871739.7219999998,70.20599999999999,2011-04
10,1754568.455,74.71000000000001,2011-05
10,1765505.47,86.2725,2011-06
10,1749266.094,89.056,2011-07
10,1871736.5899999999,88.6,2011-08
10,1678735.8620000002,84.588,2011-09
10,1752675.5375,73.995,2011-10
10,2200073.98,60.875,2011-11
10,2494223.304,49.536,2011-12
10,1675733.3625,54.7375,2012-01
10,2073531.0775,55.68,2012-02
10,1898377.378,60.367999999999995,2012-03
10,1907056.4425,71.0325,2012-04
10,1809950.3875,81.0675,2012-05
10,1776468.3699999999,87.358,2012-06
10,1814785.5975,86.275,2012-07
10,1812588.8239999998,86.768,2012-08
10,1678793.0625,81.4975,2012-09
10,1738011.09,75.03,2012-10
11,1485599.0175,48.785,2010-02
11,1342084.27,59.415,2010-03
11,1352659.074,68.60799999999999,2010-04
11,1278761.2625,77.4675,2010-05
11,1333610.26,82.775,2010-06
11,1273587.014,83.766,2010-07
11,1373857.365,87.72500000000001,2010-08
11,1230280.5725,81.8175,2010-09
11,1203166.862,72.41799999999999,2010-10
11,1416005.9525000001,64.17,2010-11
11,1653455.736,55.644000000000005,2010-12
11,1165387.525,50.58,2011-01
11,1430132.365,55.504999999999995,2011-02
11,1333901.3075,68.425,2011-03
11,1328937.8800000001,75.518,2011-04
11,1266439.08,78.725,2011-05
11,1312589.5825,86.49000000000001,2011-06
11,1280432.372,87.832,2011-07
11,1386565.9649999999,89.735,2011-08
11,1248867.8699999999,85.6,2011-09
11,1317112.9125,74.025,2011-10
11,1497096.545,65.38250000000001,2011-11
11,1679098.23,54.072,2011-12
11,1229650.32,55.582499999999996,2012-01
11,1475025.2275,56.5875,2012-02
11,1378869.624,65.13,2012-03
11,1405168.075,73.075,2012-04
11,1330044.1175000002,76.29249999999999,2012-05
11,1369304.636,83.97200000000001,2012-06
11,1349562.07,83.435,2012-07
11,1398402.0,86.10799999999999,2012-08
11,1281455.79,79.02250000000001,2012-09
11,1291890.495,72.83500000000001,2012-10
12,1090487.13,50.599999999999994,2010-02
12,1004079.1625,55.8775,2010-03
12,991822.47,63.194,2010-04
12,980780.24,70.6575,2010-05
12,994903.99,85.14,2010-06
12,927563.6540000001,95.012,2010-07
12,962201.2875,91.49000000000001,2010-08
12,920919.8825000001,82.7425,2010-09
12,888973.9879999999,72.392,2010-10
12,1092009.265,57.28,2010-11
12,1229411.8939999999,48.754000000000005,2010-12
12,849336.65,46.265,2011-01
12,1076794.6400000001,49.56,2011-02
12,1011632.54,57.019999999999996,2011-03
12,1001152.576,65.224,2011-04
12,971663.87,70.64750000000001,2011-05
12,987763.5775,81.58,2011-06
12,930898.3379999999,90.462,2011-07
12,982259.2275,92.0,2011-08
12,920457.288,84.846,2011-09
12,952093.9075,69.5525,2011-10
12,1177399.52,53.995000000000005,2011-11
12,1256736.766,45.6,2011-12
12,888854.46,48.7825,2012-01
12,1152545.5925,51.945,2012-02
12,1084029.228,58.374,2012-03
12,1055829.06,68.2625,2012-04
12,1031857.2925,80.4125,2012-05
12,1002328.634,86.192,2012-06
12,958432.4475,90.935,2012-07
12,1011681.026,90.80799999999999,2012-08
12,911047.3625,84.0875,2012-09
12,962596.605,71.99,2012-10
13,1946569.7375,32.5925,2010-02
13,1885639.56,40.56,2010-03
13,1911123.61,47.1,2010-04
13,1906692.09,51.3475,2010-05
13,2008590.435,63.832499999999996,2010-06
13,1909325.618,77.83,2010-07
13,1938097.475,76.955,2010-08
13,1794982.8375,66.6275,2010-09
13,1834756.8539999998,57.58,2010-10
13,2121681.5625,40.6825,2010-11
13,2517538.05,31.895999999999997,2010-12
13,1707675.2975,25.995,2011-01
13,1907010.005,32.05,2011-02
13,1851845.6175,40.644999999999996,2011-03
13,1944519.436,43.672000000000004,2011-04
13,1918124.3599999999,51.7225,2011-05
13,2007251.855,60.97,2011-06
13,1978884.696,76.66,2011-07
13,2043039.675,77.43,2011-08
13,1886573.52,69.322,2011-09
13,1979792.4275,53.6075,2011-10
13,2257100.9375,39.2125,2011-11
13,2560052.874,28.580000000000002,2011-12
13,1801576.18,31.61,2012-01
13,2035327.6,34.2675,2012-02
13,1967035.094,44.826,2012-03
13,2063765.8475,53.8975,2012-04
13,2063002.16,59.61,2012-05
13,2100427.022,70.074,2012-06
13,2038812.7975,79.755,2012-07
13,2062850.2,79.926,2012-08
13,1987939.2775,67.99,2012-09
13,2023549.4975,53.980000000000004,2012-10
14,2156959.2800000003,30.3,2010-02
14,2127548.845,46.519999999999996,2010-03
14,2219340.086,54.818000000000005,2010-04
14,2208806.7275,64.225,2010-05
14,2276999.2525,74.395,2010-06
14,2160056.698,79.628,2010-07
14,2087567.1725,75.745,2010-08
14,2051940.6,71.095,2010-09
14,1960183.784,60.025999999999996,2010-10
14,2265194.705,46.99,2010-11
14,2612854.642,32.448,2010-12
14,1730187.3125,28.425,2011-01
14,1967759.3625,33.8775,2011-02
14,1946065.7325,43.019999999999996,2011-03
14,2013789.864,51.778,2011-04
14,2035148.0675,62.6425,2011-05
14,2090988.0825,73.60749999999999,2011-06
14,1968941.1800000002,78.728,2011-07
14,2041284.78,75.1875,2011-08
14,1899963.4379999998,69.138,2011-09
14,2008879.5550000002,57.755,2011-10
14,2227575.9725,47.905,2011-11
14,2498248.566,43.35,2011-12
14,1734967.205,36.71,2012-01
14,1962564.4375,39.917500000000004,2012-02
14,1937273.1039999998,49.424,2012-03
14,1987162.085,54.4725,2012-04
14,1974997.03,62.489999999999995,2012-05
14,1861379.7899999998,72.03,2012-06
14,1609829.03,79.7625,2012-07
14,1640214.662,75.72999999999999,2012-08
14,1636792.805,68.4425,2012-09
14,1655452.5275,58.67,2012-10
15,640072.8724999999,24.81,2010-02
15,598830.295,39.35,2010-03
15,641634.7679999999,49.660000000000004,2010-04
15,654276.265,59.9975,2010-05
15,659263.3375,67.4125,2010-06
15,650363.182,72.306,2010-07
15,637242.4775,70.25999999999999,2010-08
15,603091.4375,64.0,2010-09
15,586851.646,52.806,2010-10
15,740211.7775,41.182500000000005,2010-11
15,899465.2960000001,27.375999999999998,2010-12
15,489373.9,22.8775,2011-01
15,584243.1975,24.065,2011-02
15,547338.26,33.8225,2011-03
15,590740.1780000001,43.348,2011-04
15,622785.18,57.5,2011-05
15,658649.95,68.38,2011-06
15,623777.7320000001,73.776,2011-07
15,600924.9325,70.965,2011-08
15,573734.74,64.238,2011-09
15,577382.85,52.4375,2011-10
15,724601.5525,44.5375,2011-11
15,824032.4720000001,37.212,2011-12
15,482259.6375,29.689999999999998,2012-01
15,577922.4375,32.6625,2012-02
15,556010.7339999999,43.839999999999996,2012-03
15,570179.6699999999,44.8925,2012-04
15,612809.9325,58.019999999999996,2012-05
15,644656.932,67.57000000000001,2012-06
15,608230.075,74.1175,2012-07
15,595465.508,71.162,2012-08
15,550458.2975,63.63,2012-09
15,559856.16,54.332499999999996,2012-10
16,465641.1125,19.9775,2010-02
16,469265.035,29.9725,2010-03
16,420936.392,39.748000000000005,2010-04
16,429929.6575,44.5275,2010-05
16,534646.9825,57.79,2010-06
16,592491.258,67.058,2010-07
16,558305.475,65.145,2010-08
16,528246.575,57.5,2010-09
16,479056.09,48.058,2010-10
16,502752.5575,31.175,2010-11
16,662212.862,26.766000000000002,2010-12
16,488797.9175,19.8125,2011-01
16,478112.8675,20.4975,2011-02
16,476246.64749999996,32.56,2011-03
16,414717.632,37.378,2011-04
16,428582.01,42.7625,2011-05
16,570670.9075,55.64,2011-06
16,598870.832,65.19,2011-07
16,567202.0575,66.8475,2011-08
16,529888.252,56.422000000000004,2011-09
16,511797.59,44.46,2011-10
16,554254.325,31.5275,2011-11
16,680265.324,21.894,2011-12
16,500356.775,25.8775,2012-01
16,484865.46499999997,26.655,2012-02
16,491918.15199999994,35.314,2012-03
16,447021.2975,49.515,2012-04
16,479591.545,54.7525,2012-05
16,571576.922,67.49600000000001,2012-06
16,578851.0,69.55250000000001,2012-07
16,552584.722,65.306,2012-08
16,510803.5075,56.165,2012-09
16,504016.995,43.825,2012-10
17,795312.87,20.5425,2010-02
17,773098.5075000001,32.71,2010-03
17,832415.502,42.456,2010-04
17,839262.215,47.4175,2010-05
17,873536.6975,57.1275,2010-06
17,879880.9519999999,67.33399999999999,2010-07
17,785452.485,66.9425,2010-08
17,939850.6375,57.765,2010-09
17,834455.532,50.660000000000004,2010-10
17,865398.945,33.55,2010-11
17,976702.216,25.322,2010-12
17,833430.3899999999,17.895,2011-01
17,814508.4875,19.175,2011-02
17,788861.315,31.955,2011-03
17,860149.5280000002,40.18,2011-04
17,872314.44,49.4725,2011-05
17,897904.3975,55.445,2011-06
17,903857.0859999999,68.866,2011-07
17,825479.635,67.5325,2011-08
17,964824.7119999999,62.217999999999996,2011-09
17,903984.545,47.8125,2011-10
17,986460.355,32.7175,2011-11
17,1011181.774,22.118000000000002,2011-12
17,912619.04,26.2925,2012-01
17,878991.9075,27.665,2012-02
17,858754.244,37.594,2012-03
17,977468.6425,49.415,2012-04
17,956979.84,53.545,2012-05
17,970921.4,61.07000000000001,2012-06
17,964930.125,71.66,2012-07
17,872407.9039999999,70.834,2012-08
17,1059423.2575,59.4575,2012-09
17,943327.41,46.4325,2012-10
18,1153002.2675,28.5175,2010-02
18,1124687.595,43.1325,2010-03
18,1151402.5440000002,51.443999999999996,2010-04
18,1168194.0275,61.2325,2010-05
18,1212260.6675,68.59,2010-06
18,1131260.0440000002,75.874,2010-07
18,1151751.0150000001,71.6675,2010-08
18,1036855.505,67.0675,2010-09
18,1035345.0560000001,55.496,2010-10
18,1217583.6975,42.8225,2010-11
18,1426207.9959999998,28.878000000000004,2010-12
18,862956.245,22.545,2011-01
18,1069734.175,25.7075,2011-02
18,989109.4400000001,36.165,2011-03
18,1004951.3280000001,46.62,2011-04
18,1029606.23,58.699999999999996,2011-05
18,1081114.06,67.7575,2011-06
18,1011236.2220000001,73.952,2011-07
18,1002965.8674999999,71.9275,2011-08
18,807721.834,66.404,2011-09
18,1032032.575,54.0875,2011-10
18,1215429.9649999999,43.457499999999996,2011-11
18,1393279.792,38.454,2011-12
18,907630.8275,30.29,2012-01
18,1091308.6175,34.915,2012-02
18,1038870.462,44.188,2012-03
18,1046564.7075,50.715,2012-04
18,1061588.04,58.7225,2012-05
18,1092716.732,67.638,2012-06
18,1035270.5125000001,75.3925,2012-07
18,1066088.6060000001,72.046,2012-08
18,1004560.0475,63.692499999999995,2012-09
18,1085626.6975,54.675,2012-10
19,1483358.3225,25.77,2010-02
19,1430924.3925,38.697500000000005,2010-03
19,1490959.432,49.47,2010-04
19,1507534.5025,58.8625,2010-05
19,1459354.785,67.2675,2010-06
19,1455431.322,73.316,2010-07
19,1471839.83,71.3825,2010-08
19,1480026.48,65.03999999999999,2010-09
19,1387893.168,53.90599999999999,2010-10
19,1574144.01,42.23,2010-11
19,1856075.948,28.657999999999998,2010-12
19,1225633.4625,24.12,2011-01
19,1388835.4625,25.197499999999998,2011-02
19,1327389.295,34.6125,2011-03
19,1385896.338,43.3,2011-04
19,1406221.105,55.1575,2011-05
19,1446144.675,66.6725,2011-06
19,1399139.4679999999,73.75399999999999,2011-07
19,1427364.9825,71.31,2011-08
19,1434686.064,65.324,2011-09
19,1388024.965,53.375,2011-10
19,1592212.73,46.0375,2011-11
19,1787196.8240000003,38.132,2011-12
19,1241374.2725,31.1925,2012-01
19,1405499.67,33.4225,2012-02
19,1330007.302,44.274,2012-03
19,1384455.16,45.575,2012-04
19,1425089.51,58.1725,2012-05
19,1425824.3120000002,68.462,2012-06
19,1361362.535,74.96000000000001,2012-07
19,1442701.234,71.24,2012-08
19,1386149.635,63.6775,2012-09
19,1351011.4775,54.519999999999996,2012-10
20,2142561.77,26.4475,2010-02
20,1994194.985,43.345,2010-03
20,2039378.3399999999,55.386,2010-04
20,2032533.9625,63.5,2010-05
20,2092287.1600000001,71.9075,2010-06
20,2027849.454,75.422,2010-07
20,1975735.99,74.1,2010-08
20,1968640.9075,68.7925,2010-09
20,1946111.2280000001,55.965999999999994,2010-10
20,2322193.7175000003,44.425,2010-11
20,2710758.328,27.566000000000003,2010-12
20,1817672.075,25.615000000000002,2011-01
20,2189938.9925,32.5275,2011-02
20,1972684.3074999999,41.6225,2011-03
20,2041621.162,50.010000000000005,2011-04
20,2006359.05,60.95,2011-05
20,2083331.58,71.49000000000001,2011-06
20,2005234.9420000003,75.118,2011-07
20,2041298.79,73.18,2011-08
20,2001049.1920000003,65.83399999999999,2011-09
20,2078938.4725,54.5025,2011-10
20,2407562.38,46.7075,2011-11
20,2641266.658,40.332,2011-12
20,1882501.2574999998,34.0125,2012-01
20,2255341.0475,36.075,2012-02
20,2084047.7140000002,50.495999999999995,2012-03
20,2095396.9375,50.8725,2012-04
20,2121454.815,64.24000000000001,2012-05
20,2131358.062,71.57000000000001,2012-06
20,2093616.2025000001,77.0275,2012-07
20,2070329.0620000002,72.126,2012-08
20,2041354.215,65.1975,2012-09
20,2110094.3225,56.0675,2012-10
21,806198.9525,40.47,2010-02
21,718331.185,53.0125,2010-03
21,724037.062,65.774,2010-04
21,744276.3200000001,74.7825,2010-05
21,786317.7675000001,84.845,2010-06
21,732589.2860000001,84.066,2010-07
21,809406.0549999999,88.9325,2010-08
21,689464.3825000001,81.4225,2010-09
21,698715.006,68.576,2010-10
21,864400.66,58.5825,2010-11
21,1036164.042,48.778,2010-12
21,648440.3025,41.285,2011-01
21,755285.63,48.019999999999996,2011-02
21,776759.485,61.95,2011-03
21,765956.4140000001,67.394,2011-04
21,740590.35,70.5325,2011-05
21,790698.97,85.44749999999999,2011-06
21,756541.492,89.922,2011-07
21,809305.5725,92.17999999999999,2011-08
21,669391.412,81.204,2011-09
21,700669.99,68.0125,2011-10
21,870251.4325,58.535,2011-11
21,981486.084,46.483999999999995,2011-12
21,633450.005,49.025,2012-01
21,758285.2025,50.5475,2012-02
21,748273.37,62.136,2012-03
21,735241.0275,68.5575,2012-04
21,692759.065,75.895,2012-05
21,716519.196,82.01,2012-06
21,682533.855,85.0275,2012-07
21,742378.574,85.598,2012-08
21,646392.7575000001,79.105,2012-09
21,655345.84,67.7075,2012-10
22,985954.4275,30.11,2010-02
22,988652.205,43.71,2010-03
22,1031751.652,51.032,2010-04
22,1027569.225,60.1075,2010-05
22,1076162.795,69.0,2010-06
22,1029240.76,76.332,2010-07
22,1025472.4924999999,72.83,2010-08
22,954943.875,68.02,2010-09
22,972441.008,57.766,2010-10
22,1150246.375,45.4975,2010-11
22,1372421.546,31.312,2010-12
22,833965.0975,26.1825,2011-01
22,960619.4,30.212500000000002,2011-02
22,950473.9725,39.2725,2011-03
22,1001621.5599999999,46.86,2011-04
22,1006377.7424999999,58.1225,2011-05
22,1060269.305,68.03,2011-06
22,993227.678,74.666,2011-07
22,1032458.095,73.38499999999999,2011-08
22,941553.3720000001,67.704,2011-09
22,1004673.2224999999,56.92,2011-10
22,1175438.2025000001,46.8775,2011-11
22,1355119.7459999998,41.936,2011-12
22,858570.61,34.6125,2012-01
22,977661.0449999999,37.8775,2012-02
22,978263.6,45.266,2012-03
22,1014872.6775,51.625,2012-04
22,1009215.335,57.94,2012-05
22,1078308.402,67.976,2012-06
22,996712.0249999999,75.8275,2012-07
22,1009104.2980000001,73.4,2012-08
22,953192.53,66.3175,2012-09
22,1021594.46,57.2825,2012-10
23,1315977.8375,23.345,2010-02
23,1314742.2525,37.705,2010-03
23,1336864.7280000001,46.688,2010-04
23,1391797.5525,58.3925,2010-05
23,1469195.345,63.3525,2010-06
23,1406636.2140000002,71.154,2010-07
23,1446970.8625,67.34,2010-08
23,1234037.5775000001,62.2925,2010-09
23,1137989.196,50.048,2010-10
23,1494688.27,37.2,2010-11
23,1926403.166,23.896,2010-12
23,1083288.5625,18.125,2011-01
23,1246528.425,19.905,2011-02
23,1173884.07,29.105,2011-03
23,1263177.216,41.102,2011-04
23,1328599.6825,56.2825,2011-05
23,1478436.76,64.325,2011-06
23,1382885.52,70.332,2011-07
23,1471994.8875,68.38,2011-08
23,1341119.084,62.758,2011-09
23,1392376.22,50.12,2011-10
23,1567017.15,40.9825,2011-11
23,1873824.332,32.618,2011-12
23,1091645.6025,23.455,2012-01
23,1314702.925,28.61,2012-02
23,1284812.094,38.948,2012-03
23,1350504.1,45.1025,2012-04
23,1381295.2825,55.9075,2012-05
23,1512337.058,64.764,2012-06
23,1408640.845,70.1225,2012-07
23,1528611.852,69.114,2012-08
23,1340966.6275,59.655,2012-09
23,1397038.05,50.8,2012-10
24,1336729.49,28.35,2010-02
24,1300637.595,43.5,2010-03
24,1330032.362,52.181999999999995,2010-04
24,1378459.845,61.9975,2010-05
24,1423842.2625,69.725,2010-06
24,1473769.1039999998,75.582,2010-07
24,1388107.48,71.97,2010-08
24,1320897.23,66.31,2010-09
24,1271565.23,56.102,2010-10
24,1413665.5325,42.8775,2010-11
24,1652891.4039999999,29.163999999999998,2010-12
24,1145118.41,23.6825,2011-01
24,1290423.5275,27.6175,2011-02
24,1231825.9025,37.785,2011-03
24,1250659.268,47.854,2011-04
24,1299253.9825,59.955,2011-05
24,1388472.3575,69.09,2011-06
24,1407704.186,74.27799999999999,2011-07
24,1393711.6975,71.7575,2011-08
24,1285943.1400000001,66.126,2011-09
24,1332483.9,54.67,2011-10
24,1467427.5825,44.1625,2011-11
24,1604514.892,39.178,2011-12
24,1154115.0875,31.7525,2012-01
24,1320690.2675,35.925,2012-02
24,1246191.856,46.465999999999994,2012-03
24,1303376.8025,51.052499999999995,2012-04
24,1342162.7175,59.932500000000005,2012-05
24,1420412.166,68.538,2012-06
24,1438052.9175,75.64500000000001,2012-07
24,1396736.988,72.194,2012-08
24,1310120.2775,64.3,2012-09
24,1348904.71,54.935,2012-10
25,641343.2225,23.515,2010-02
25,670713.3725,40.085,2010-03
25,730380.3359999999,51.562,2010-04
25,729774.6699999999,60.105000000000004,2010-05
25,754833.1799999999,68.6575,2010-06
25,710682.422,72.49,2010-07
25,705374.645,70.87,2010-08
25,644580.3099999999,64.375,2010-09
25,657024.188,52.512,2010-10
25,810715.4875,41.4075,2010-11
25,963298.692,25.098,2010-12
25,574924.4299999999,22.3575,2011-01
25,615237.65,27.975,2011-02
25,615114.6125,36.942499999999995,2011-03
25,669475.958,45.268,2011-04
25,685143.7424999999,58.335,2011-05
25,723613.725,69.1075,2011-06
25,684898.502,72.748,2011-07
25,690554.4475,69.955,2011-08
25,652358.8219999999,63.548,2011-09
25,683389.4525,51.5675,2011-10
25,820591.4175,43.8975,2011-11
25,953292.28,36.722,2011-12
25,608870.6525000001,30.235,2012-01
25,642337.4625,33.7975,2012-02
25,656450.478,46.942,2012-03
25,691693.065,47.1225,2012-04
25,734216.5225,60.9675,2012-05
25,723874.748,67.944,2012-06
25,703066.4025,74.1725,2012-07
25,724009.132,68.816,2012-08
25,669192.6425,61.4525,2012-09
25,692831.7324999999,52.485,2012-10
26,976134.215,19.4075,2010-02
26,941507.8049999999,32.575,2010-03
26,948825.2220000001,40.7,2010-04
26,1025939.98,51.565,2010-05
26,1013648.5025000001,56.87,2010-06
26,1041180.726,65.366,2010-07
26,1030493.985,61.105,2010-08
26,967971.5025,56.075,2010-09
26,934768.0939999999,44.194,2010-10
26,1032555.96,33.214999999999996,2010-11
26,1162763.9540000001,21.096,2010-12
26,844447.7125,14.0875,2011-01
26,953698.64,15.555,2011-02
26,911562.595,24.2975,2011-03
26,898575.6880000001,34.504000000000005,2011-04
26,975211.32,49.7,2011-05
26,1031908.6174999999,57.945,2011-06
26,1049737.824,64.1,2011-07
26,1070395.325,61.957499999999996,2011-08
26,988881.612,57.196000000000005,2011-09
26,1016268.3325,45.26,2011-10
26,1073750.68,35.1575,2011-11
26,1170860.642,28.110000000000003,2011-12
26,866668.665,21.9675,2012-01
26,975969.28,25.2725,2012-02
26,940104.652,33.976,2012-03
26,960517.135,41.165,2012-04
26,1013628.9,49.5375,2012-05
26,1051750.2859999998,57.90599999999999,2012-06
26,1081247.905,65.07,2012-07
26,1071376.774,64.784,2012-08
26,998454.105,55.652499999999996,2012-09
26,1018585.4425,47.43,2012-10
27,1738914.2775,31.36,2010-02
27,1694046.4125,46.3575,2010-03
27,1904671.7140000002,54.386,2010-04
27,1895247.2175,63.5075,2010-05
27,1949180.7,72.80250000000001,2010-06
27,1929829.798,79.708,2010-07
27,1895008.8675,75.07,2010-08
27,1762146.72,70.12,2010-09
27,1672494.936,60.038,2010-10
27,1961679.19,47.3225,2010-11
27,2178660.158,33.038,2010-12
27,1509652.3875,28.4725,2011-01
27,1665656.615,32.879999999999995,2011-02
27,1612145.1825,41.8475,2011-03
27,1721923.6379999998,49.622,2011-04
27,1766644.7525,60.8,2011-05
27,1874454.49,71.62,2011-06
27,1842390.7,78.03,2011-07
27,1830508.3775,75.16499999999999,2011-08
27,1648559.442,69.31,2011-09
27,1688738.905,58.28,2011-10
27,1912494.38,48.3625,2011-11
27,2083426.986,43.39,2011-12
27,1458338.1099999999,36.1025,2012-01
27,1617668.83,39.84,2012-02
27,1597796.81,48.138,2012-03
27,1688729.215,53.974999999999994,2012-04
27,1717440.0775000001,60.6425,2012-05
27,1823867.116,70.828,2012-06
27,1793727.955,78.92,2012-07
27,1734813.296,75.62,2012-08
27,1614683.2774999999,68.935,2012-09
27,1643830.0375,58.855000000000004,2012-10
28,1566198.6325,50.599999999999994,2010-02
28,1365100.19,55.8775,2010-03
28,1304661.5,63.194,2010-04
28,1293325.9775,70.6575,2010-05
28,1347829.33,85.14,2010-06
28,1264336.024,95.012,2010-07
28,1282318.2475,91.49000000000001,2010-08
28,1260270.6099999999,82.7425,2010-09
28,1209604.614,72.392,2010-10
28,1471118.2325,57.28,2010-11
28,1508221.872,48.754000000000005,2010-12
28,1177179.47,46.265,2011-01
28,1447206.1075,49.56,2011-02
28,1398011.6724999999,57.019999999999996,2011-03
28,1302299.576,65.224,2011-04
28,1270133.2425,70.64750000000001,2011-05
28,1305266.2275,81.58,2011-06
28,1251296.876,90.462,2011-07
28,1277283.77,92.0,2011-08
28,1233601.6539999999,84.846,2011-09
28,1306054.4075,69.5525,2011-10
28,1541032.2774999999,53.995000000000005,2011-11
28,1466269.8699999999,45.6,2011-12
28,1222431.33,48.7825,2012-01
28,1482389.295,51.945,2012-02
28,1379192.7280000001,58.374,2012-03
28,1300382.775,68.2625,2012-04
28,1269932.2225,80.4125,2012-05
28,1245126.628,86.192,2012-06
28,1241310.2875,90.935,2012-07
28,1251252.052,90.80799999999999,2012-08
28,1214800.8900000001,84.0875,2012-09
28,1256515.7075,71.99,2012-10
29,524781.0225,30.11,2010-02
29,525991.835,43.71,2010-03
29,537002.0900000001,51.032,2010-04
29,541771.9275,60.1075,2010-05
29,568253.6925,69.0,2010-06
29,534717.97,76.332,2010-07
29,523115.8125,72.83,2010-08
29,499913.5125,68.02,2010-09
29,504009.704,57.766,2010-10
29,632224.2825,45.4975,2010-11
29,760794.066,31.312,2010-12
29,434604.64,26.1825,2011-01
29,520176.0075,30.212500000000002,2011-02
29,500472.15,39.2725,2011-03
29,516299.378,46.86,2011-04
29,531897.925,58.1225,2011-05
29,559741.3375,68.03,2011-06
29,520387.126,74.666,2011-07
29,520287.2125,73.38499999999999,2011-08
29,479766.92199999996,67.704,2011-09
29,502739.3275,56.92,2011-10
29,642525.705,46.8775,2011-11
29,703660.17,41.936,2011-12
29,439345.1925,34.6125,2012-01
29,521847.235,37.8775,2012-02
29,503364.11,45.266,2012-03
29,544192.7975,51.625,2012-04
29,532010.855,57.94,2012-05
29,564098.578,67.976,2012-06
29,518851.4425,75.8275,2012-07
29,520227.176,73.4,2012-08
29,498673.1225,66.3175,2012-09
29,521562.43,57.2825,2012-10
30,474581.765,40.47,2010-02
30,457243.6775,53.0125,2010-03
30,460466.782,65.774,2010-04
30,459494.5075,74.7825,2010-05
30,451202.905,84.845,2010-06
30,440616.934,84.066,2010-07
30,444129.4275,88.9325,2010-08
30,456790.565,81.4225,2010-09
30,451893.158,68.576,2010-10
30,450592.14,58.5825,2010-11
30,439612.462,48.778,2010-12
30,445401.89749999996,41.285,2011-01
30,452912.6675,48.019999999999996,2011-02
30,434772.3425,61.95,2011-03
30,435505.82800000004,67.394,2011-04
30,431953.03250000003,70.5325,2011-05
30,428925.575,85.44749999999999,2011-06
30,421350.02,89.922,2011-07
30,411604.6875,92.17999999999999,2011-08
30,380474.698,81.204,2011-09
30,420837.66500000004,68.0125,2011-10
30,432668.0575,58.535,2011-11
30,431838.396,46.483999999999995,2011-12
30,443963.26249999995,49.025,2012-01
30,436442.8875,50.5475,2012-02
30,435740.566,62.136,2012-03
30,446737.71499999997,68.5575,2012-04
30,450212.26,75.895,2012-05
30,430902.878,82.01,2012-06
30,427566.4925,85.0275,2012-07
30,428759.02599999995,85.598,2012-08
30,435160.19,79.105,2012-09
30,439576.625,67.7075,2012-10
31,1457735.1099999999,40.47,2010-02
31,1328240.1425,53.0125,2010-03
31,1328885.018,65.774,2010-04
31,1328982.04,74.7825,2010-05
31,1369082.6600000001,84.845,2010-06
31,1294056.4039999999,84.066,2010-07
31,1345828.4025,88.9325,2010-08
31,1283645.44,81.4225,2010-09
31,1260035.264,68.576,2010-10
31,1473812.7775,58.5825,2010-11
31,1559216.608,48.778,2010-12
31,1315459.9975,41.285,2011-01
31,1471794.7275,48.019999999999996,2011-02
31,1400222.3075,61.95,2011-03
31,1392535.3699999999,67.394,2011-04
31,1381628.165,70.5325,2011-05
31,1430662.2675,85.44749999999999,2011-06
31,1384114.92,89.922,2011-07
31,1444278.605,92.17999999999999,2011-08
31,1351808.5280000002,81.204,2011-09
31,1390474.135,68.0125,2011-10
31,1562615.885,58.535,2011-11
31,1587677.414,46.483999999999995,2011-12
31,1352791.005,49.025,2012-01
31,1470631.345,50.5475,2012-02
31,1406664.6800000002,62.136,2012-03
31,1405600.3900000001,68.5575,2012-04
31,1405690.855,75.895,2012-05
31,1404414.704,82.01,2012-06
31,1382122.08,85.0275,2012-07
31,1388052.724,85.598,2012-08
31,1334490.6275,79.105,2012-09
31,1370860.3675,67.7075,2012-10
32,1086747.1175000002,29.58,2010-02
32,1073922.3675000002,39.155,2010-03
32,1089930.572,48.844,2010-04
32,1140613.5750000002,53.985,2010-05
32,1154066.1275,67.72749999999999,2010-06
32,1112067.844,73.96000000000001,2010-07
32,1158229.165,73.5825,2010-08
32,1058990.59,67.5,2010-09
32,1092117.878,55.732000000000006,2010-10
32,1247360.2675,39.4275,2010-11
32,1408127.674,33.257999999999996,2010-12
32,1039946.61,28.7175,2011-01
32,1108274.5625,27.267500000000002,2011-02
32,1094447.6375,41.9075,2011-03
32,1118540.442,46.632,2011-04
32,1160122.1400000001,50.895,2011-05
32,1190849.81,64.795,2011-06
32,1162001.434,73.576,2011-07
32,1203387.24,74.5975,2011-08
32,1125587.664,64.084,2011-09
32,1165379.745,51.099999999999994,2011-10
32,1313370.3725,39.72,2011-11
32,1442686.662,27.386000000000003,2011-12
32,1075853.0625,34.8175,2012-01
32,1155471.12,29.225,2012-02
32,1134258.274,45.708,2012-03
32,1172694.9575,53.625,2012-04
32,1196189.8825,57.7225,2012-05
32,1202746.338,72.338,2012-06
32,1167024.87,76.3925,2012-07
32,1225827.06,73.602,2012-08
32,1149823.5425,65.18,2012-09
32,1199681.975,49.905,2012-10
33,287594.965,58.1325,2010-02
33,287193.845,60.8675,2010-03
33,289352.292,70.50800000000001,2010-04
33,307888.5425,78.3675,2010-05
33,281929.945,90.2325,2010-06
33,269127.77400000003,96.686,2010-07
33,245677.035,94.63499999999999,2010-08
33,247123.68,90.8,2010-09
33,238045.148,79.3,2010-10
33,245903.22,64.565,2010-11
33,234192.652,57.6,2010-12
33,244872.2275,53.99,2011-01
33,251416.895,54.8825,2011-02
33,250418.9475,65.52,2011-03
33,255521.708,73.612,2011-04
33,253784.0425,78.63749999999999,2011-05
33,244627.6525,88.7925,2011-06
33,243629.11000000002,96.03,2011-07
33,249261.35749999998,97.12,2011-08
33,249594.662,91.848,2011-09
33,249877.375,79.03,2011-10
33,253852.2825,64.09,2011-11
33,244333.22999999998,52.998000000000005,2011-12
33,257081.2475,56.9625,2012-01
33,261867.89500000002,59.17,2012-02
33,262352.838,64.252,2012-03
33,275061.64749999996,74.9825,2012-04
33,276272.76,85.5375,2012-05
33,268732.552,92.17,2012-06
33,265766.055,94.0625,2012-07
33,262237.348,94.63199999999999,2012-08
33,264842.35000000003,87.0925,2012-09
33,266342.38,78.5175,2012-10
34,960139.7875,36.8025,2010-02
34,903089.21,43.42,2010-03
34,924724.0539999999,54.426,2010-04
34,935976.155,62.7,2010-05
34,939570.295,76.24000000000001,2010-06
34,907747.5480000001,75.806,2010-07
34,944804.5825,74.96000000000001,2010-08
34,912395.5599999999,71.4225,2010-09
34,909742.2039999999,60.760000000000005,2010-10
34,1054316.525,45.4225,2010-11
34,1167635.8599999999,39.224000000000004,2010-12
34,881750.1025,32.375,2011-01
34,1000887.0549999999,35.5425,2011-02
34,961244.915,50.192499999999995,2011-03
34,949806.794,57.782,2011-04
34,954604.2324999999,61.2275,2011-05
34,945798.785,75.7375,2011-06
34,901324.4539999999,79.936,2011-07
34,932577.6925,77.82249999999999,2011-08
34,911782.394,69.78,2011-09
34,944403.835,57.1575,2011-10
34,1069335.0525,45.2675,2011-11
34,1156641.434,31.608000000000004,2011-12
34,912737.3475,37.3675,2012-01
34,1015156.495,38.120000000000005,2012-02
34,969992.132,48.15,2012-03
34,999075.6675,58.8425,2012-04
34,988785.095,66.0875,2012-05
34,980434.994,76.6,2012-06
34,957839.7025,76.7425,2012-07
34,970266.5560000001,76.66,2012-08
34,950826.0875,68.92,2012-09
34,959503.54,60.442499999999995,2012-10
35,1172684.7974999999,31.36,2010-02
35,1127347.7974999999,46.3575,2010-03
35,1135963.424,54.386,2010-04
35,1147084.2774999999,63.5075,2010-05
35,1217765.73,72.80250000000001,2010-06
35,1179979.384,79.708,2010-07
35,1055545.8625,75.07,2010-08
35,874965.04,70.12,2010-09
35,825912.134,60.038,2010-10
35,1085846.785,47.3225,2010-11
35,1152347.0119999999,33.038,2010-12
35,657538.095,28.4725,2011-01
35,828317.5900000001,32.879999999999995,2011-02
35,810974.2125,41.8475,2011-03
35,804946.5900000001,49.622,2011-04
35,822221.0725,60.8,2011-05
35,872147.37,71.62,2011-06
35,821405.184,78.03,2011-07
35,841014.55,75.16499999999999,2011-08
35,786039.74,69.31,2011-09
35,796161.67,58.28,2011-10
35,1022207.895,48.3625,2011-11
35,1084538.2480000001,43.39,2011-12
35,638854.0575,36.1025,2012-01
35,806569.325,39.84,2012-02
35,772233.0119999999,48.138,2012-03
35,791199.8925,53.974999999999994,2012-04
35,803946.02,60.6425,2012-05
35,891545.8699999999,70.828,2012-06
35,865124.5025,78.92,2012-07
35,893823.6640000001,75.62,2012-08
35,848201.1975,68.935,2012-09
35,858532.4525,58.855000000000004,2012-10
36,463727.72750000004,47.152499999999996,2010-02
36,438732.0325,57.1525,2010-03
36,452941.146,67.52799999999999,2010-04
36,472018.54,77.825,2010-05
36,464843.6625,82.685,2010-06
36,451480.178,82.5,2010-07
36,446970.0925,85.42750000000001,2010-08
36,434952.15750000003,81.035,2010-09
36,427487.958,72.20599999999999,2010-10
36,413043.0925,62.2875,2010-11
36,391286.012,54.996,2010-12
36,391630.6875,49.225,2011-01
36,406619.3425,53.2625,2011-02
36,408057.715,64.9175,2011-03
36,388933.952,72.124,2011-04
36,378389.1725,75.14750000000001,2011-05
36,375635.295,83.4375,2011-06
36,366607.872,84.794,2011-07
36,369859.555,86.9025,2011-08
36,336732.11,81.474,2011-09
36,330760.5025,71.14,2011-10
36,326899.88,63.79,2011-11
36,311968.096,53.238,2011-12
36,321954.0775,58.7725,2012-01
36,321577.9875,58.1025,2012-02
36,318286.97599999997,66.974,2012-03
36,325684.7975,71.855,2012-04
36,318471.29000000004,76.59,2012-05
36,315073.446,82.29400000000001,2012-06
36,296962.32,81.3575,2012-07
36,296747.546,84.382,2012-08
36,290026.1575,79.455,2012-09
36,284306.0425,73.325,2012-10
37,522464.4375,47.152499999999996,2010-02
37,502017.435,57.1525,2010-03
37,524586.538,67.52799999999999,2010-04
37,522791.6925,77.825,2010-05
37,488072.78500000003,82.685,2010-06
37,493161.93,82.5,2010-07
37,499870.105,85.42750000000001,2010-08
37,504060.12,81.035,2010-09
37,515639.748,72.20599999999999,2010-10
37,523393.7475,62.2875,2010-11
37,518169.498,54.996,2010-12
37,527060.025,49.225,2011-01
37,539487.095,53.2625,2011-02
37,508447.91000000003,64.9175,2011-03
37,530282.0719999999,72.124,2011-04
37,525009.025,75.14750000000001,2011-05
37,511109.265,83.4375,2011-06
37,503069.86600000004,84.794,2011-07
37,512034.26,86.9025,2011-08
37,516588.50999999995,81.474,2011-09
37,519148.1575,71.14,2011-10
37,526810.8775,63.79,2011-11
37,531073.4140000001,53.238,2011-12
37,540643.905,58.7725,2012-01
37,535558.47,58.1025,2012-02
37,520141.38600000006,66.974,2012-03
37,531028.1475,71.855,2012-04
37,534692.1075,76.59,2012-05
37,512333.67000000004,82.29400000000001,2012-06
37,510934.38,81.3575,2012-07
37,518713.34400000004,84.382,2012-08
37,522691.0,79.455,2012-09
37,538660.1625,73.325,2012-10
38,340542.9225,50.599999999999994,2010-02
38,345786.8475,55.8775,2010-03
38,344276.994,63.194,2010-04
38,349199.5625,70.6575,2010-05
38,347188.03500000003,85.14,2010-06
38,341604.952,95.012,2010-07
38,342995.8625,91.49000000000001,2010-08
38,345045.5825,82.7425,2010-09
38,345906.602,72.392,2010-10
38,357617.315,57.28,2010-11
38,343069.454,48.754000000000005,2010-12
38,360284.64249999996,46.265,2011-01
38,374713.315,49.56,2011-02
38,366082.045,57.019999999999996,2011-03
38,368837.54,65.224,2011-04
38,377945.325,70.64750000000001,2011-05
38,372366.2575,81.58,2011-06
38,374981.784,90.462,2011-07
38,388343.185,92.0,2011-08
38,396879.838,84.846,2011-09
38,407798.8525,69.5525,2011-10
38,408451.47250000003,53.995000000000005,2011-11
38,402664.452,45.6,2011-12
38,429960.56,48.7825,2012-01
38,438106.16,51.945,2012-02
38,434701.772,58.374,2012-03
38,439159.7425,68.2625,2012-04
38,439198.78,80.4125,2012-05
38,424896.946,86.192,2012-06
38,433998.295,90.935,2012-07
38,428040.18600000005,90.80799999999999,2012-08
38,432322.0675,84.0875,2012-09
38,435474.1275,71.99,2012-10
39,1223999.965,45.6575,2010-02
39,1261832.7075,56.565,2010-03
39,1315584.262,67.09200000000001,2010-04
39,1324729.37,77.31,2010-05
39,1383085.1325,82.2025,2010-06
39,1329141.384,81.9,2010-07
39,1417696.9449999998,85.155,2010-08
39,1269299.7625,80.6,2010-09
39,1260160.518,70.874,2010-10
39,1526280.1600000001,61.769999999999996,2010-11
39,1726029.866,54.196000000000005,2010-12
39,1204935.9224999999,48.167500000000004,2011-01
39,1286955.69,53.0675,2011-02
39,1308211.77,64.59,2011-03
39,1391663.958,72.13199999999999,2011-04
39,1368993.7475,75.3875,2011-05
39,1449599.5725,83.9025,2011-06
39,1413415.026,85.212,2011-07
39,1558953.0975,87.605,2011-08
39,1383474.024,82.23400000000001,2011-09
39,1441638.155,71.0425,2011-10
39,1714954.16,63.4,2011-11
39,1899573.9600000002,52.660000000000004,2011-12
39,1390701.485,57.295,2012-01
39,1440561.33,56.8575,2012-02
39,1483110.566,65.704,2012-03
39,1558992.2275,71.0575,2012-04
39,1525508.7375,75.83500000000001,2012-05
39,1575224.92,81.668,2012-06
39,1550112.3900000001,80.60499999999999,2012-07
39,1681192.2519999999,83.28999999999999,2012-08
39,1527176.3525,78.00999999999999,2012-09
39,1553953.5175,71.57,2012-10
40,934372.175,24.12,2010-02
40,914431.14,37.4825,2010-03
40,901095.0160000001,46.269999999999996,2010-04
40,952789.1275,57.545,2010-05
40,993378.5075000001,63.9525,2010-06
40,996158.724,71.90599999999999,2010-07
40,959008.1625000001,66.5625,2010-08
40,910796.105,61.095,2010-09
40,907732.1259999999,49.388,2010-10
40,980586.9400000001,37.1025,2010-11
40,1150196.3120000002,24.344,2010-12
40,801380.2475,16.6875,2011-01
40,923441.2225,17.12,2011-02
40,885742.9625,28.4175,2011-03
40,895278.324,39.812,2011-04
40,950025.3025,56.097500000000004,2011-05
40,1002137.5225,63.025,2011-06
40,1003844.7,68.56,2011-07
40,983043.3925,66.365,2011-08
40,931758.6240000001,60.888,2011-09
40,972784.315,49.4525,2011-10
40,1046105.0475,37.69,2011-11
40,1185498.9279999998,29.145999999999997,2011-12
40,829176.7725,21.53,2012-01
40,968535.125,26.805,2012-02
40,897911.314,36.004000000000005,2012-03
40,940557.06,45.0,2012-04
40,962097.71,54.8425,2012-05
40,1023423.6900000001,63.532,2012-06
40,1021412.375,68.7225,2012-07
40,995644.7620000001,67.934,2012-08
40,952330.5149999999,57.385,2012-09
40,972767.5700000001,50.135,2012-10
41,1051541.4975,24.82,2010-02
41,1027337.3374999999,33.7225,2010-03
41,1085134.848,42.178,2010-04
41,1175516.4525000001,47.3225,2010-05
41,1224860.0175,61.0975,2010-06
41,1206499.652,68.044,2010-07
41,1287769.8175,69.0575,2010-08
41,1154535.115,62.485,2010-09
41,1141206.0359999998,51.986000000000004,2010-10
41,1344510.3925,35.5925,2010-11
41,1501947.09,30.682,2010-12
41,1080167.855,27.7825,2011-01
41,1158134.6075,24.215,2011-02
41,1161107.43,36.9725,2011-03
41,1212336.4940000002,40.727999999999994,2011-04
41,1259457.3275000001,45.79,2011-05
41,1285702.22,59.4375,2011-06
41,1291828.818,69.81800000000001,2011-07
41,1375156.0625,70.5,2011-08
41,1219101.4279999998,60.06600000000001,2011-09
41,1253605.075,47.2025,2011-10
41,1438753.865,35.23,2011-11
41,1610240.568,27.26,2011-12
41,1134663.235,32.3525,2012-01
41,1250759.32,26.015,2012-02
41,1227983.444,41.21,2012-03
41,1313251.255,49.1375,2012-04
41,1367267.685,53.3025,2012-05
41,1387573.394,66.148,2012-06
41,1370198.7149999999,72.27,2012-07
41,1465944.742,70.258,2012-08
41,1320831.36,60.6725,2012-09
41,1363111.4375,45.22,2012-10
42,529849.855,53.822500000000005,2010-02
42,535317.955,57.44,2010-03
42,521593.694,66.974,2010-04
42,533922.99,74.9825,2010-05
42,544252.73,86.57499999999999,2010-06
42,519357.996,89.838,2010-07
42,532390.83,87.3425,2010-08
42,535720.91,84.7775,2010-09
42,528000.778,75.08200000000001,2010-10
42,550148.9825,61.61,2010-11
42,521382.112,55.512,2010-12
42,559835.8275,50.7975,2011-01
42,574584.8049999999,52.9375,2011-02
42,564771.635,63.4575,2011-03
42,551354.28,70.20599999999999,2011-04
42,560804.335,74.71000000000001,2011-05
42,552566.9,86.2725,2011-06
42,536371.002,89.056,2011-07
42,551528.2,88.6,2011-08
42,552216.6059999999,84.588,2011-09
42,578879.6125,73.995,2011-10
42,596541.185,60.875,2011-11
42,551908.646,49.536,2011-12
42,604799.7925,54.7375,2012-01
42,608585.8275,55.68,2012-02
42,594022.654,60.367999999999995,2012-03
42,592647.57,71.0325,2012-04
42,594819.885,81.0675,2012-05
42,563673.89,87.358,2012-06
42,573367.9425,86.275,2012-07
42,553200.08,86.768,2012-08
42,559321.7925,81.4975,2012-09
42,565426.3725,75.03,2012-10
43,651912.1525000001,48.21,2010-02
43,648795.8525,54.2725,2010-03
43,657628.1599999999,65.128,2010-04
43,671182.0075,73.1575,2010-05
43,672810.5975,86.065,2010-06
43,670818.852,82.45,2010-07
43,695042.4375,84.1375,2010-08
43,696688.485,79.5075,2010-09
43,672262.668,70.97200000000001,2010-10
43,606092.28,58.055,2010-11
43,592672.468,51.870000000000005,2010-12
43,597574.935,45.4875,2011-01
43,626535.1325000001,47.845,2011-02
43,616633.0375,63.7525,2011-03
43,629501.4400000001,69.796,2011-04
43,640086.115,74.475,2011-05
43,636180.1699999999,86.5225,2011-06
43,600205.78,87.012,2011-07
43,606638.1375,85.905,2011-08
43,600704.422,80.45,2011-09
43,600238.9275,69.845,2011-10
43,638990.425,55.9475,2011-11
43,609925.9439999999,41.992000000000004,2011-12
43,635358.42,49.0225,2012-01
43,641262.595,50.3425,2012-02
43,645166.8019999999,58.998000000000005,2012-03
43,638859.94,70.1075,2012-04
43,631017.86,74.8825,2012-05
43,617865.03,86.346,2012-06
43,610563.55,81.83500000000001,2012-07
43,617904.9,83.97,2012-08
43,617198.365,77.86,2012-09
43,618376.8475,71.4125,2012-10
44,277245.8625,32.5925,2010-02
44,275677.9475,40.56,2010-03
44,274978.446,47.1,2010-04
44,282713.035,51.3475,2010-05
44,290224.655,63.832499999999996,2010-06
44,289180.408,77.83,2010-07
44,291432.04000000004,76.955,2010-08
44,285003.29000000004,66.6275,2010-09
44,280998.622,57.58,2010-10
44,286098.9125,40.6825,2010-11
44,285629.82,31.895999999999997,2010-12
44,283337.235,25.995,2011-01
44,290413.375,32.05,2011-02
44,286303.0425,40.644999999999996,2011-03
44,285057.138,43.672000000000004,2011-04
44,304612.925,51.7225,2011-05
44,303685.48,60.97,2011-06
44,296519.82200000004,76.66,2011-07
44,300891.14749999996,77.43,2011-08
44,303299.18600000005,69.322,2011-09
44,304478.755,53.6075,2011-10
44,309754.9875,39.2125,2011-11
44,307981.23,28.580000000000002,2011-12
44,315733.395,31.61,2012-01
44,321924.2575,34.2675,2012-02
44,311813.152,44.826,2012-03
44,321245.87,53.8975,2012-04
44,336186.27,59.61,2012-05
44,335335.444,70.074,2012-06
44,338153.8725,79.755,2012-07
44,336169.22599999997,79.926,2012-08
44,344447.385,67.99,2012-09
44,340005.10250000004,53.980000000000004,2012-10
45,782708.46,30.3,2010-02
45,775005.3775,46.519999999999996,2010-03
45,796057.058,54.818000000000005,2010-04
45,779839.91,64.225,2010-05
45,809919.26,74.395,2010-06
45,748475.842,79.628,2010-07
45,724773.0375,75.745,2010-08
45,726705.27,71.095,2010-09
45,722962.458,60.025999999999996,2010-10
45,859037.75,46.99,2010-11
45,1073382.064,32.448,2010-12
45,648941.5525,28.425,2011-01
45,765467.13,33.8775,2011-02
45,732299.2775,43.019999999999996,2011-03
45,765614.108,51.778,2011-04
45,787214.165,62.6425,2011-05
45,816458.5175000001,73.60749999999999,2011-06
45,750990.956,78.728,2011-07
45,759129.885,75.1875,2011-08
45,719414.454,69.138,2011-09
45,756943.7525,57.755,2011-10
45,896582.6875,47.905,2011-11
45,1060624.484,43.35,2011-12
45,678792.6075,36.71,2012-01
45,793225.65,39.917500000000004,2012-02
45,783438.908,49.424,2012-03
45,792420.9125,54.4725,2012-04
45,792842.875,62.489999999999995,2012-05
45,809942.5360000001,72.03,2012-06
45,760615.8525,79.7625,2012-07
45,726758.778,75.72999999999999,2012-08
45,726252.77,68.4425,2012-09
45,736581.5975,58.67,2012-10
